<?xml version="1.0" encoding="UTF-8" ?>
<dict_list>
<book id="2" bookinfo_id="1" dir="chapter1">
		<title>Conan</title>
		<pictName>1</pictName>
		<pictExt>jpg</pictExt>
		<summary>
Truyen Conan
</summary>
		<totalTime></totalTime>
		<info></info>

		<page id="1">
			<content>1.html</content>
			<message></message>
			<pageName>01</pageName>
			<pageExt>jpg</pageExt>
			<sampleVoiceName></sampleVoiceName>
			<sampleVoiceExt></sampleVoiceExt>
			<maxTime></maxTime>
			<bgmName></bgmName>
			<bgmExt></bgmExt>
		</page>

		<page id="2">
			<content>2.html</content>
			<message></message>
			<pageName>02</pageName>
			<pageExt>jpg</pageExt>
			<sampleVoiceName></sampleVoiceName>
			<sampleVoiceExt></sampleVoiceExt>
			<maxTime></maxTime>
			<bgmName></bgmName>
			<bgmExt></bgmExt>
		</page>

		<page id="3">
			<content>3.html</content>
			<message></message>
			<pageName>03</pageName>
			<pageExt>jpg</pageExt>
			<sampleVoiceName></sampleVoiceName>
			<sampleVoiceExt></sampleVoiceExt>
			<maxTime></maxTime>
			<bgmName></bgmName>
			<bgmExt></bgmExt>
		</page>

		<page id="4">
			<content>4.html</content>
			<message></message>
			<pageName>04</pageName>
			<pageExt>jpg</pageExt>
			<sampleVoiceName></sampleVoiceName>
			<sampleVoiceExt></sampleVoiceExt>
			<maxTime></maxTime>
			<bgmName></bgmName>
			<bgmExt></bgmExt>
		</page>

		<page id="5">
			<content>5.html</content>
			<message></message>
			<pageName>05</pageName>
			<pageExt>jpg</pageExt>
			<sampleVoiceName></sampleVoiceName>
			<sampleVoiceExt></sampleVoiceExt>
			<maxTime></maxTime>
			<bgmName></bgmName>
			<bgmExt></bgmExt>
		</page>

		<page id="6">
			<content>6.html</content>
			<message></message>
			<pageName>06</pageName>
			<pageExt>jpg</pageExt>
			<sampleVoiceName></sampleVoiceName>
			<sampleVoiceExt></sampleVoiceExt>
			<maxTime></maxTime>
			<bgmName></bgmName>
			<bgmExt></bgmExt>
		</page>

		<page id="7">
			<content>7.html</content>
			<message></message>
			<pageName>07</pageName>
			<pageExt>jpg</pageExt>
			<sampleVoiceName></sampleVoiceName>
			<sampleVoiceExt></sampleVoiceExt>
			<maxTime></maxTime>
			<bgmName></bgmName>
			<bgmExt></bgmExt>
		</page>
	<page id="8">
			<content>8.html</content>
			<message></message>
			<pageName>08</pageName>
			<pageExt>jpg</pageExt>
			<sampleVoiceName></sampleVoiceName>
			<sampleVoiceExt></sampleVoiceExt>
			<maxTime></maxTime>
			<bgmName></bgmName>
			<bgmExt></bgmExt>
	</page>
	<page id="9">
			<content>9.html</content>
			<message></message>
			<pageName>09</pageName>
			<pageExt>jpg</pageExt>
			<sampleVoiceName></sampleVoiceName>
			<sampleVoiceExt></sampleVoiceExt>
			<maxTime></maxTime>
			<bgmName></bgmName>
			<bgmExt></bgmExt>
		</page>
	</book>
</dict_list>