<?xml version="1.0" encoding="UTF-8" ?>
<dict_list>
	<app>
		<title>App Truyen</title>
		<author>Tran Binh Nguyen</author>
		<summary>
			App Truyen
		</summary>

		<book id="1">
			<content>Truyen Trinh Tham</content>
			<number>65</number>
			<booktitle>Tham Tu Lung Danh Conan</booktitle>
			<url>http://app-truyentranh.googlecode.com/svn/trunk/conan/</url>
			<pictName>1</pictName>
			<pictExt>jpg</pictExt>
		</book>
		<book id="2">
			<content>Truyen Trinh Tham</content>
			<number>65</number>
			<booktitle>Lucky Lucke</booktitle>
			<url>http://app-truyentranh.googlecode.com/svn/trunk/luckyluke/</url>
			<pictName>2</pictName>
			<pictExt>jpg</pictExt>
		</book>		
	</app>
</dict_list>